﻿{
  "shared_item_grid": {
    "type": "itemgrid",
    "h_alignment": "left",
    "item_margin": "1,1",
    "item_height": 64,
    "item_width": 64,
    "rows": [
     	[ "Swords", "Axes", "Bombs", "Claws"],
	[ "WhiteMagic","BlackMagic","WizardMagic"],
     	[ "Medal1", "Medal2", "Medal3", "Medal4"],
      	[ "Crest1", "Crest2", "Crest3"],	
     	[ "Elixir", "TreeWither", "WakeWater", "VenusKey"],
	[ "MultiKey", "GasMask", "MagicMirror", "ThunderRock", "CaptainCap"],
    ]
  },
  "tracker_default": {
    "type": "container",
    "background": "#000000",
    "width": 340,
    "content": {
      "type": "layout",
      "dropshadow": false,
      "margin": 1,
      "key": "shared_item_grid"
    }
  }
}
