[
  // Helmets
  {
    "name": "Helmets",
    "type": "progressive",
    "loop": true,
    "allow_disabled": false,
    "codes": "hats, hat, helm, helmet",
    "stages": [
      {
        "name": "No Helm",
        "img": "images/armor/hat/helmet1.png",
        "img_mods": "@disabled",
        "codes": "hats, hat, helm, helmet, hat0, helm0, helmet0",
        "secondary_codes": "none"
      },
      {
        "name": "Steel Helm",
        "img": "images/armor/hat/helmet1.png",
        "codes": "hat1, helm1, helmet1, steelhelm",
        "secondary_codes": "steel"
      },
      {
        "name": "Moon Helm",
        "img": "images/armor/hat/helmet2.png",
        "codes": "hat2, helm2, helmet2, moonhelm",
        "secondary_codes": "moon"
      },
      {
        "name": "Apollo Helm",
        "img": "images/armor/hat/helmet3.png",
        "codes": "hat3, helm3, helmet3, apollohelm",
        "secondary_codes": "apollo"
      }
    ]
  },
  // Body Armor
  {
    "name": "Body Armor",
    "type": "progressive",
    "loop": true,
    "allow_disabled": false,
    "codes": "armors, armors",
    "stages": [
      {
        "name": "No Mail",
        "img": "images/armor/armor/armor1.png",
        "img_mods": "@disabled",
        "codes": "armors, armor, armor0",
        "secondary_codes": "none"
      },
      {
        "name": "Steel Armor",
        "img": "images/armor/armor/armor1.png",
        "codes": "armor1, steelarmor",
        "secondary_codes": "steel"
      },
      {
        "name": "Noble Armor",
        "img": "images/armor/armor/armor2.png",
        "codes": "armor2, noblearmor",
        "secondary_codes": "noble"
      },
      {
        "name": "Gaia's Armor",
        "img": "images/armor/armor/armor3.png",
        "codes": "armor3, gaiaarmor, gaiasarmor",
        "secondary_codes": "gaia, gaias"
      }
    ]
  },
  // Shields
  {
    "name": "Shields",
    "type": "progressive",
    "loop": true,
    "allow_disabled": false,
    "codes": "shields, shield",
    "stages": [
      {
        "name": "No Shield",
        "img": "images/armor/shield/shield1.png",
        "img_mods": "@disabled",
        "codes": "shields, shield, shield0",
        "secondary_codes": "none"
      },
      {
        "name": "Steel Shield",
        "img": "images/armor/shield/shield1.png",
        "codes": "shield1, steelshield",
        "secondary_codes": "steel"
      },
      {
        "name": "Venus Shield",
        "img": "images/armor/shield/shield2.png",
        "codes": "shield2, venusshield",
        "secondary_codes": "venus"
      },
      {
        "name": "Aegis Shield",
        "img": "images/armor/shield/shield3.png",
        "codes": "shield3, aegisshield",
        "secondary_codes": "aegis"
      }
    ]
  },
  // Accessories
  {
    "name": "Accessories",
    "type": "progressive",
    "loop": true,
    "allow_disabled": false,
    "codes": "accessories",
    "stages": [
      {
        "name": "No Accessory",
        "img": "images/armor/accessories/charm.png",
        "img_mods": "@disabled",
        "codes": "accessories, accessories0",
        "secondary_codes": "none"
      },
      {
        "name": "Charm",
        "img": "images/armor/accessories/charm.png",
        "codes": "accessories1, charm",
        "secondary_codes": "charm"
      },
      {
        "name": "Magic Ring",
        "img": "images/armor/accessories/magicring.png",
        "codes": "accessories2, magicring",
        "secondary_codes": "magicring"
      },
      {
        "name": "Cupid Locket",
        "img": "images/armor/accessories/cupidlocket.png",
        "codes": "accessories3, cupidlocket",
        "secondary_codes": "cupidlocket"
      }
    ]
  }
]
