[
  // Crystal of Earth
  {
    "name": "Crystal of Earth",
    "type": "toggle",
    "loop": true,
    "img": "images/crystals/crystal_earth.png",
    "codes": "earthcrystal"
  },
  // Crystal of Water
  {
    "name": "Crystal of Water",
    "type": "toggle",
    "loop": true,
    "img": "images/crystals/crystal_water.png",
    "codes": "watercrystal"
  },
  // Crystal of Fire
  {
    "name": "Crystal of Fire",
    "type": "toggle",
    "loop": true,
    "img": "images/crystals/crystal_fire.png",
    "codes": "firecrystal"
  },
  // Crystal of Wind
  {
    "name": "Crystal of Wind",
    "type": "toggle",
    "loop": true,
    "img": "images/crystals/crystal_wind.png",
    "codes": "windcrystal"
  },
  // Crystal of Light
  {
    "name": "Crystal of Light",
    "type": "toggle",
    "loop": true,
    "img": "images/crystals/crystal_light.png",
    "codes": "lightcrystal"
  }
]
