[
  // Swords
  {
    "name": "Swords",
    "type": "progressive",
    "loop": true,
    "allow_disabled": false,
    "codes": "sword, swords",
    "stages": [
      {
        "name": "No Sword",
        "img": "images/inventory/weapons/sword1.png",
        "img_mods": "@disabled",
        "codes": "sword,swords, sword0"
      },
      {
        "name": "Steel Sword",
        "img": "images/inventory/weapons/sword1.png",
        "codes": "sword1, steelsword"
      },
      {
        "name": "Knight Sword",
        "img": "images/inventory/weapons/sword2.png",
        "codes": "sword2, knightsword"
      },
      {
        "name": "Excalibur",
        "img": "images/inventory/weapons/sword3.png",
        "codes": "sword3, excalibur"
      }
    ]
  },
  // Axes
  {
    "name": "Axes",
    "type": "progressive",
    "loop": true,
    "allow_disabled": false,
    "codes": "axe, axes",
    "stages": [
      {
        "name": "No Axe",
        "img": "images/inventory/weapons/axe1.png",
        "img_mods": "@disabled",
        "codes": "axe,axes, axe0"
      },
      {
        "name": "Axe",
        "img": "images/inventory/weapons/axe1.png",
        "codes": "axe1, axe"
      },
      {
        "name": "Battle Axe",
        "img": "images/inventory/weapons/axe2.png",
        "codes": "axe2, battleaxe"
      },
      {
        "name": "Giant's Axe",
        "img": "images/inventory/weapons/axe3.png",
        "codes": "axe3, giantaxe, giantsaxe"
      }
    ]
  },
  // Bombs
  {
    "name": "Bombs",
    "type": "progressive",
    "loop": true,
    "allow_disabled": false,
    "codes": "bombs",
    "stages": [
      {
        "name": "No Bombs",
        "img": "images/inventory/weapons/bomb1.png",
        "img_mods": "@disabled",
        "codes": "bombs, bomb0"
      },
      {
        "name": "Bomb",
        "img": "images/inventory/weapons/bomb1.png",
        "codes": "bomb1, bomb"
      },
      {
        "name": "Jumbo Bomb",
        "img": "images/inventory/weapons/bomb2.png",
        "codes": "bomb2, jumbobomb, jumbo, jumbos"
      },
      {
        "name": "Mega Grenade",
        "img": "images/inventory/weapons/bomb3.png",
        "codes": "bomb3, megagrenade, megas"
      }
    ]
  },
  // Claws
  {
    "name": "Claws",
    "type": "progressive",
    "loop": true,
    "allow_disabled": false,
    "codes": "claws, claw",
    "stages": [
      {
        "name": "No Claws",
        "img": "images/inventory/weapons/claw1.png",
        "img_mods": "@disabled",
        "codes": "claws, claw"
      },
      {
        "name": "Cat Claws",
        "img": "images/inventory/weapons/claw1.png",
        "codes": "claw1, catclaw, catclaws"
      },
      {
        "name": "Charm Claw",
        "img": "images/inventory/weapons/claw2.png",
        "codes": "claw2, charmclaw, charmclaws"
      },
      {
        "name": "Dragon Claw",
        "img": "images/inventory/weapons/claw3.png",
        "codes": "claw3, dragonclaw, dragonclaws"
      }
    ]
  }
]
