{
  "name": "x10power's EmoTracker Packs",
  "packages": [
    {
      "name": "Final Fantasy Mystic Quest Randomizer Item Tracker",
      "author": "x10power, Mike Trethewey",
      "game_name": "Final Fantasy Mystic Quest",
      "version": "1.0.0.64",
      "flags": ["chathud"],
      "required_app_version": "2.3.8.16",
      "uid": "ffmq_pack_x10power",
      "link": "https://github.com/x10power/ffmq-rando-tracker/releases/download/1.0.0.64/ffmq-rando-tracker.zip",
      "variants": [
        {
          "name": "Items-Only",
          "flags": ["chathud"]
        }
      ]
    }
  ]
}
